estab_id,cnpj,nome,categoria,latitude,longitude
ESTAB_001,95822412000124,Sabor do Ponto 3,Pizzaria,-23.569703677855536,-46.648805863575085
ESTAB_002,83197857000121,Grão Gourmet 4,Self-Service,-23.575506083416858,-46.66434086075589
ESTAB_003,77827638000187,Sabor do Ponto 5,Pizzaria,-23.554919411612328,-46.649860250792294
ESTAB_004,66306997000138,Artisan Burger 5,Hamburgueria,-23.552117086299663,-46.67070503720966
ESTAB_005,31429110000199,Fornaria Paulista 3,Hamburgueria,-23.571735615005647,-46.6421836078338
ESTAB_006,55176955000123,Bella Pizza 4,Self-Service,-23.56563061858546,-46.660581328325634
ESTAB_007,45503389000115,Artisan Burger 5,Self-Service,-23.54720652708062,-46.65954396868375
ESTAB_008,84093639000147,Grão Gourmet 3,Cafeteria,-23.570631342292298,-46.66881334553529
ESTAB_009,98753260000139,Café Vintage 1,Pizzaria,-23.550405489997342,-46.65949621324883
ESTAB_010,70855700000191,Tempero da Villa 2,Hamburgueria,-23.565741878993173,-46.650794744768675
ESTAB_011,96977837000119,Grão Gourmet 2,Cafeteria,-23.554526196061488,-46.66599792518714
ESTAB_012,60929647000144,Sakura Premium 2,Hamburgueria,-23.551114442394304,-46.64762000265362
ESTAB_013,40742311000114,Tempero da Villa 4,Hamburgueria,-23.574414341843653,-46.643505916274435
ESTAB_014,86125617000150,Sushi Zen 4,Japonês,-23.5498595053834,-46.65161444389399
ESTAB_015,29175900000143,Burger Master 2,Cafeteria,-23.56023068130998,-46.64848958565044
ESTAB_016,67503414000184,Fornaria Paulista 3,Pizzaria,-23.546480226660325,-46.666750047653274
ESTAB_017,76238574000121,Sabor do Ponto 1,Pizzaria,-23.557576618748907,-46.64713761906911
ESTAB_018,66661351000186,Bella Pizza 4,Japonês,-23.558523347149166,-46.656858503366465
ESTAB_019,43744231000180,Sabor do Ponto 1,Cafeteria,-23.55387366601225,-46.64784203802028
ESTAB_020,55657579000124,Café Vintage 4,Pizzaria,-23.562788288810122,-46.64228552217437
ESTAB_021,45351479000174,Burger Master 5,Self-Service,-23.550284442904896,-46.661946656256546
ESTAB_022,95758349000174,Grão Gourmet 2,Pizzaria,-23.565182584422264,-46.66605352892741
ESTAB_023,81182864000110,Grão Gourmet 3,Japonês,-23.575815697728423,-46.64302704151206
ESTAB_024,51273847000140,Sabor do Ponto 2,Cafeteria,-23.54799151664106,-46.668330396437966
ESTAB_025,75228535000118,Sakura Premium 2,Pizzaria,-23.556607475317577,-46.642494539608855
ESTAB_026,32162965000143,Sakura Premium 5,Japonês,-23.547469112819776,-46.64303259520994
ESTAB_027,36998038000149,Fornaria Paulista 3,Japonês,-23.54941157746071,-46.65735541575827
ESTAB_028,43273328000138,Bella Pizza 3,Self-Service,-23.55875073844628,-46.663996558022106
ESTAB_029,39557077000110,Bella Pizza 1,Pizzaria,-23.57437799015669,-46.66995761125841
ESTAB_030,54349361000119,Sakura Premium 2,Hamburgueria,-23.55633066665111,-46.66447289577889
ESTAB_031,27758595000183,Grão Gourmet 4,Pizzaria,-23.552861417271277,-46.646675090067006
ESTAB_032,35556386000122,Bella Pizza 4,Hamburgueria,-23.5636926413094,-46.6568892599589
ESTAB_033,17270733000196,Bella Pizza 1,Japonês,-23.554553592346764,-46.64688222467415
ESTAB_034,24665841000141,Sushi Zen 2,Cafeteria,-23.562941593565004,-46.65824355080497
ESTAB_035,47385696000169,Sushi Zen 1,Japonês,-23.552159332658047,-46.645220993225955
ESTAB_036,23141087000116,Sakura Premium 1,Self-Service,-23.548608990509756,-46.64543912796757
ESTAB_037,32321899000162,Artisan Burger 4,Pizzaria,-23.55046048817909,-46.64382671403469
ESTAB_038,32097220000158,Sabor do Ponto 4,Hamburgueria,-23.548604457793218,-46.64734611929618
ESTAB_039,48285503000164,Sakura Premium 4,Pizzaria,-23.57070306398197,-46.66436897304758
ESTAB_040,17849494000184,Sakura Premium 1,Hamburgueria,-23.574685041812774,-46.65337467216624
ESTAB_041,77491435000177,Burger Master 1,Cafeteria,-23.57399665604278,-46.66532525117058
ESTAB_042,89864260000118,Sushi Zen 4,Self-Service,-23.548152116183125,-46.65380973769586
ESTAB_043,87701200000186,Sabor do Ponto 5,Self-Service,-23.563823252539922,-46.65338983132126
ESTAB_044,80166708000150,Café Vintage 2,Hamburgueria,-23.569239421421525,-46.65902642459626
ESTAB_045,96637649000148,Artisan Burger 3,Self-Service,-23.576120536293473,-46.65226522233521
ESTAB_046,85563727000122,Bella Pizza 5,Pizzaria,-23.561223459178535,-46.66692630288901
ESTAB_047,56843172000118,Sushi Zen 3,Hamburgueria,-23.571667595029282,-46.64588765136081
ESTAB_048,50603163000188,Sakura Premium 1,Cafeteria,-23.567418637434,-46.65099833855102
ESTAB_049,28024248000143,Bella Pizza 1,Cafeteria,-23.57173656270675,-46.66244731185627
ESTAB_050,38270233000153,Sushi Zen 3,Cafeteria,-23.561744044435518,-46.64373990526762
